,tag
0,php
1,javascript
2,java
3,c#
4,html
5,jquery
6,mysql
7,android
8,css
9,sql
10,python
11,c
12,html5
13,asp.net-mvc
14,ajax
15,banco-de-dados
16,json
17,laravel
18,array
19,sql-server
20,.net
21,angularjs
22,python-3.x
23,c++
24,node.js
25,r
26,css3
27,asp.net
28,angular
29,string
30,wordpress
31,twitter-bootstrap
32,orientação-a-objetos
33,delphi
34,postgresql
35,entity-framework
36,winforms
37,android-studio
38,regex
39,query
40,jsf
41,api
42,codeigniter
43,xml
44,oracle
45,excel
46,funções
47,linux
48,ionic
49,asp.net-mvc-5
50,web-service
51,hibernate
52,pdo
53,typescript
54,mysqli
55,aplicação-web
56,django
57,visual-studio
58,git
59,ios
60,ruby-on-rails
61,primefaces
62,laravel-5
63,swing
64,lista
65,select
66,firebase
67,android-layout
68,mvc
69,spring
70,vb.net
71,vba
72,react
73,imagem
74,htaccess
75,formulário
76,arquivo
77,apache
78,ruby
79,windows
80,java-ee
81,classes
82,sqlite
83,vue.js
84,jpa
85,algoritmo
86,variáveis
87,linq
88,apache-cordova
89,google-maps
90,bootstrap-3
91,loop
92,rest
93,asp.net-core
94,mobile
95,mongodb
96,spring-boot
97,xamarin
98,react-native
99,swift
100,terminologia
101,bootstrap
102,eclipse
103,python-2.7
104,http
105,asp.net-web-api
106,front-end
107,desempenho
108,listview
109,wpf
110,ponteiro
111,matriz
112,session
113,laravel-eloquent
114,input
115,data
116,ubuntu
117,post
118,datetime
119,jsp
120,thread
121,email
122,cakephp
123,segurança
124,servidor
125,android-activity
126,entity-framework-6
127,webforms
128,razor
129,if
130,date
131,struct
132,script
133,pdf
134,android-fragment
135,socket
136,url
137,matemática
138,firebird
139,facebook
140,github
141,upload
142,validação
143,javafx
144,exceção
145,asp
146,curl
147,pandas
148,lógica
149,for
150,phpmyadmin
151,característica-linguagem
152,ionic3
153,maven
154,modal
155,login
156,modelagem
157,estrutura-de-dados
158,spring-mvc
159,tomcat
160,foreach
161,tipagem
162,express
163,expressões-lambda
164,checkbox
165,objective-c
166,criptografia
167,classificação
168,jquery-datatables
169,div
170,csv
171,docker
172,unity3d
173,bootstrap-4
174,netbeans
175,google
176,design-pattern
177,jsf-2.2
178,excel-vba
179,table
180,bash
181,memória
182,while
183,join
184,operadores
185,google-chrome
186,selenium
187,menu
188,phpmailer
189,iis
190,cmd
191,engenharia-de-software
192,xamarin-forms
193,shell-script
194,método
195,primaverabss
196,sintaxe
197,tabela-banco-de-dados
198,sql-update
199,tkinter
200,aws
201,arraylist
202,ionic2
203,pl-sql
204,character-encoding
205,layout-responsivo
206,xcode
207,soap
208,busca
209,estilo-de-codificação
210,arduino
211,jquery-ui
212,datatable
213,dom
214,herança
215,visual-basic-6
216,visual-studio-2015
217,objetos
218,envio-de-email
219,javascript-eventos
220,sql-select
221,jdbc
222,arquitetura-de-software
223,batch
224,testes
225,datagridview
226,recursão
227,iframe
228,trigger
229,conversão-de-tipo
230,random
231,conexão
232,restful
233,shell
234,nullpointerexception
235,autenticação
236,parâmetros
237,navegador
238,visual-studio-2013
239,tabela
240,canvas
241,multithreading
242,qt
243,framework
244,file-upload
245,lua
246,java-8
247,controller
248,servlet
249,sql-insert
250,visual-studio-code
251,selenium-webdriver
252,http-request
253,view
254,npm
255,delphi-7
256,interface
257,get
258,opencv
259,composer
260,button
261,lista-encadeada
262,app
263,wordpress-theme
264,rolamento
265,ms-access
266,magento
267,php-7
268,paginação
269,xampp
270,cookies
271,kotlin
272,jasper-reports
273,webview
274,animação
275,ggplot2
276,link
277,woocommerce
278,eventos
279,combobox
280,svg
281,plugin
282,windows-azure
283,txt
284,crud
285,testes-unitários
286,mongoose
287,stored-procedures
288,seo
289,data.frame
290,laravel-blade
291,materialize
292,html-select
293,compilação
294,asp.net-identity
295,mysql-workbench
296,relacionamento
297,versionamento
298,laravel-4
299,nginx
300,debug
301,formatação
302,spring-security
303,assembly
304,datepicker
305,ssl
306,angularjs-directives
307,asp.net-mvc-4
308,dll
309,laravel-5.3
310,dropdown
311,xaml
312,relatório
313,google-charts
314,console
315,rstudio
316,ftp
317,alocação
318,jtable
319,maps
320,visual-studio-2017
321,certificado
322,ecmascript-6
323,return
324,download
325,utf-8
326,request
327,web-scraping
328,layout
329,flask
330,android-adapter
331,redirecionamento
332,filtro
333,cache
334,condição
335,async
336,pagseguro
337,websocket
338,otimização
339,plugin-wordpress
340,ireport
341,ado.net
342,video
343,sass
344,reflexão
345,autocompletar
346,fullcalendar
347,processamento-de-imagens
348,dicionário
349,gerenciamento-de-memória
350,comparação
351,array-multidimensional
352,firefox
353,entity-framework-core
354,.net-core
355,deploy
356,matlab
357,hash
358,modelo-relacional
359,genéricos
360,switch
361,ddd
362,angular-6
363,terminal
364,nfe
365,junit
366,sqlite3
367,redes
368,chartjs
369,internet-explorer
370,jboss
371,windows-phone
372,gridview
373,android-recyclerview
374,xamarin.android
375,construtor
376,hospedagem
377,grid
378,flutter
379,assincronismo
380,nhibernate
381,jpa-2.0
382,procedure
383,gráfico
384,log
385,geolocalização
386,url-amigável
387,https
388,wcf
389,template
390,gradle
391,heroku
392,xhtml
393,biblioteca
394,numpy
395,google-maps-api-3
396,time
397,enums
398,diretório
399,índices
400,cors
401,highcharts
402,impressão
403,localstorage
404,null
405,ide
406,axios
407,int
408,char
409,thymeleaf
410,instalação
411,zend
412,mariadb
413,wildfly
414,facebook-graph-api
415,tags
416,cakephp-2
417,gui
418,spring-data
419,geração-de-pdf
420,group-by
421,float
422,doctrine
423,ip
424,migrations
425,jogos
426,push-notification
427,oracle11g
428,docker-compose
429,firemonkey
430,django-templates
431,filter
432,conversão
433,stack
434,route
435,ssh
436,jquery-validate
437,iphone
438,visualg
439,dart
440,tsql
441,header
442,acentuação
443,radiobutton
444,back-end
445,sql-server-2012
446,oauth2
447,importação
448,osx
449,declaração-de-variável
450,carousel
451,gulp
452,jwt
453,matplotlib
454,textbox
455,concatenação-de-string
456,edittext
457,youtube
458,cdi
459,teclado
460,dns
461,c++11
462,orm
463,programação-funcional
464,nosql
465,retrofit
466,ux
467,centos
468,aplicação-desktop
469,glassfish
470,code-first
471,symfony-2
472,reportviewer
473,onclick
474,syntax-error
475,injeção-de-dependência
476,golang
477,powershell
478,asynctask
479,dataframe
480,portugol
481,include
482,sistema-operacional
483,slim
484,smtp
485,media-queries
486,jquery-mobile
487,latex
488,mpdf
489,processo
490,vue.js-2
491,delphi-10
492,áudio
493,grafo
494,services
495,django-2.0
496,crystal-reports
497,token
498,firebase-database
499,cálculo
500,spring-jpa
501,responsivo
502,rotas
503,ejb
504,backup
505,namespace
506,sistema-de-arquivos
507,replace
508,where
509,cakephp-3
510,angular-routes
511,macro
512,jframe
513,wamp
514,uml
515,popup
516,promises
517,else
518,timestamp
519,dialog
520,cron
521,xmlhttprequest
522,jasper
523,apk
524,web-crawler
525,dplyr
526,team-foundation-server
527,google-play
528,base64
529,webpack
530,rails4
531,cordova-plugin
532,configuração
533,opengl
534,independente-de-linguagem
535,localhost
536,complexidade-de-algoritmo
537,gson
538,flexbox
539,impressora
540,escopo-de-variáveis
541,chave-estrangeira
542,genexus
543,permissões
544,background
545,demoiselle
546,cliente-servidor
547,css-hover
548,unity-5
549,collection
550,serialização
551,hashmap
552,http-headers
553,textview
554,gps
555,slider
556,posicionamento
557,cast
558,socket.io
559,google-chrome-extensão
560,fluent-api
561,electron
562,site
563,propriedade
564,inteligência-artificial
565,jar
566,delete
567,jquery-select2
568,count
569,árvore-binária
570,dompdf
571,progress-bar
572,vector
573,uwp
574,symfony
575,imageview
576,machine-learning
577,stream
578,path
579,google-maps-android-api-2
580,try-catch
581,mod-rewrite
582,plot
583,gcc
584,html5-video
585,wsdl
586,bitbucket
587,transações
588,build
589,auth
590,angular-material
591,pascal
592,haskell
593,webbrowser
594,doctrine-2
595,domínio
596,google-analytics
597,angularjs-scope
598,web.config
599,mask
600,paralelismo
601,label
602,mvvm
603,arquivo-zip
604,hover
605,linha-de-comando
606,raspberry-pi
607,callback
608,pygame
609,windows-phone-8-1
610,sql-server-2014
611,ckeditor
612,timer
613,nav-bar
614,polimorfismo
615,sublime-text
616,order-by
617,openssl
618,proxy
619,laravel-5.4
620,intel-xdk
621,atributos
622,referência
623,scanf
624,sql-server-2008
625,compiladores
626,runtime
627,vraptor
628,debian
629,active-record
630,projeto-de-software
631,scrapy
632,actionscript-3
633,instanciar-objeto
634,windows-10
635,dapper
636,codeigniter-3
637,criteria
638,drag-n-drop
639,streaming
640,volley
641,automatização
642,getters-setters
643,persistência
644,fluent-nhibernate
645,parser
646,repository
647,pyqt
648,android-notification
649,ciência-da-computação
650,python-kivy
651,intellij-idea
652,material-design
653,image
654,active-directory
655,revisão-código
656,calendar
657,linq-to-entities
658,blob
659,integração
660,yii
661,click
662,svn
663,documentação
664,emulador
665,delphi-xe8
666,textarea
667,devexpress
668,contador
669,sdk
670,android-xml
671,id
672,python-requests
673,jenkins
674,licença
675,cloud
676,bluetooth
677,inner
678,tdd
679,moodle
680,firedac
681,joomla
682,md5
683,assinatura-digital
684,bitmap
685,commit
686,pip
687,url-rewrite
688,gmail
689,gitlab
690,navigation-drawer
691,sharepoint
692,booleano
693,android-camera
694,realtime-database
695,serial
696,semântica
697,blogger
698,parse
699,youtube-api
700,apple
701,codeblocks
702,alert
703,recaptcha
704,xpath
705,css-font-face
706,requisição
707,redes-neurais
708,chat
709,twitter
710,unix
711,task
712,decimal
713,annotation
714,preg-match
715,entidade-relacionamento
716,regressão
717,html5-audio
718,itextsharp
719,cursor
720,jersey
721,flash
722,paradigmas
723,single-page-application
724,groovy
725,prompt
726,sequelize-js
727,printf
728,binary
729,owl-carousel
730,jpql
731,cpanel
732,senhas
733,vagrant
734,value
735,pwa
736,microsserviços
737,lado-do-servidor
738,pycharm
739,admob
740,componentes
741,facebook-sdk
742,delphi-xe3
743,atualização
744,grunt
745,sharedpreferences
746,slide
747,concorrência
748,model
749,postman
750,google-drive-api
751,oauth
752,laravel-rotas
753,scanner
754,merge
755,mac
756,font
757,odbc
758,xls
759,garbage-collector
760,firestore
761,packages
762,cross-platform
763,pagamento-online
764,less
765,números-aleatórios
766,swift-3
767,automapper
768,static
769,ascii
770,delphi-xe5
771,case
772,angular-7
773,jspdf
774,meta-tags
775,visual-studio-2012
776,zend-framework-2
777,scss
778,android-intent
779,redux
780,intent
781,hexadecimal
782,whatsapp
783,http-status
784,eventos-do-mouse
785,kendo-ui
786,ffmpeg
787,sms
788,classes-abstratas
789,galeria
790,word
791,beautifulsoup
792,spinners
793,fila
794,css-animations
795,actionbar
796,e-commerce
797,treeview
798,iterator
799,jaspersoft-studio
800,redirecionamento-de-url
801,advpl
802,text
803,nuget
804,img
805,map
806,padrão-dao
807,encapsulamento
808,chave-primária
809,nomenclatura
810,css-transições
811,paypal
812,inserir
813,editor-de-texto
814,qrcode
815,boleto
816,connectionstring
817,alinhamento
818,dev-c++
819,desserialização
820,object
821,microsoft
822,powerbi
823,virtualhost
824,binding
825,dataset
826,google-api
827,diagrama
828,dinâmico
829,linq-to-sql
830,vbs
831,fpdf
832,array-associativo
833,caracteres
834,aprendizagem-de-máquina
835,opencart
836,webdesign
837,exportação
838,echo
839,datasnap
840,twig
841,ec2
842,sqldeveloper
843,sql-injection
844,sublime-text-2
845,android-eclipse
846,jvm
847,perl
848,uitableview
849,hql
850,jasminsoftware
851,pyqt-5
852,testes-automatizados
853,cross-browser
854,font-awesome
855,php-autoload
856,chart
857,inner-join
858,laravel-5.6
859,file-get-contents
860,apache-poi
861,chatbot
862,constantes
863,cores
864,knockoutjs
865,atom
866,gerenciamento-de-projetos
867,submenu
868,order
869,seletores
870,unicode
871,lazarus
872,datagrid
873,io
874,correios
875,phpexcel
876,acessibilidade
877,valor-monetário
878,malloc
879,slimframework
880,android-permission
881,widget
882,kivy
883,tooltip
884,viewmodel
885,laravel-5.2
886,programação-estruturada
887,website
888,react-router
889,arquitetura-computadores
890,undefined
891,django-rest-framework
892,require
893,sincronização
894,notepad++
895,pivot
896,instagram
897,devise
898,scraping
899,import
900,ng-repeat
901,argumento
902,number-format
903,teoria-da-computação
904,google-sheets
905,firebase-cloud-messaging
906,dataannotations
907,android-service
908,double
909,phpunit
910,react-navigation
911,porcentagem
912,stream-de-arquivos
913,bat
914,adonisjs
915,ionic4
916,laravel-5.5
917,foreign-key
918,play-framework
919,extensão
920,gem
921,cep
922,object-pascal
923,s3
924,append
925,module
926,android-manifest
927,buffer
928,timezone
929,makefile
930,virtualbox
931,comentários
932,subdomínio
933,auto-incremento
934,bower
935,fopen
936,controle-de-acesso
937,angularjs-services
938,android-webview
939,alertdialog
940,quebras-de-linha
941,owin
942,d3.js
943,primefaces-3.5
944,gulpjs
945,tensorflow
946,password
947,icons
948,django-admin
949,gtk
950,byte
951,xsd
952,grails
953,phonegap-buillder
954,cross-domain
955,ejs
956,apache2
957,cucumber
958,cms
959,preg-replace
960,collapse
961,shiny
962,lumen
963,safari
964,iis-7
965,organização-de-projeto
966,multiple-file-upload
967,inteiros
968,jqgrid
969,refatoração
970,clone
971,elasticsearch
972,scala
973,broadcastreceiver
974,drawable
975,vps
976,core-data
977,mingw
978,singleton
979,windows-service
980,jcombobox
981,soapclient
982,signalr
983,querystring
984,integração-contínua
985,ui
986,responsive
987,asp-net-core
988,django-queryset
989,redirect
990,tcp
991,artisan
992,entrada-de-dados
993,.exe
994,jdk
995,locaweb
996,attribute
997,metodologia
998,vbscript
999,jbutton
1000,option
1001,captcha
1002,android-alarmmanager
1003,component
1004,sobrecarga
1005,silex
1006,awt
1007,i18n
1008,scheduler
1009,google-app-engine
1010,fortran
1011,ssis
1012,tupla
1013,lado-do-cliente
1014,variáveis-globais
1015,normalização
1016,jtextfield
1017,prolog
1018,oledb
1019,delphi-xe6
1020,resultset
1021,mockito
1022,cmake
1023,sed
1024,planilhas
1025,redis
1026,mock
1027,momentjs
1028,firebird-2.5
1029,arredondamento
1030,angular-5
1031,efd-reinf
1032,load
1033,sublime-text-3
1034,anaconda
1035,marker
1036,esocial
1037,sqlalchemy
1038,jax-rs
1039,vim
1040,jsx
1041,webdriver
1042,sweetalert
1043,armazenamento
1044,jquery-plugins
1045,resources
1046,função-anônima
1047,encode
1048,wysiwyg
1049,xamarin.ios
1050,placeholder
1051,árvore
1052,mono
1053,reporting-services
1054,jackson
1055,facebook-javascript-sdk
1056,winapi
1057,telerik
1058,javamail
1059,tinymce
1060,fancybox
1061,phpstorm
1062,timeout
1063,style
1064,dropdownlist
1065,onesignal
1066,jstl
1067,métodos-estáticos
1068,qml
1069,wampserver
1070,texto
1071,totalcross
1072,outlook
1073,mean
1074,app.config
1075,listener
1076,ponto-flutuante
1077,séries-temporais
1078,do-while
1079,library
1080,publish
1081,xmldocument
1082,babel
1083,yii2
1084,dockerfile
1085,keras
1086,porta-serial
1087,html-table
1088,markdown
1089,lua-table
1090,swagger
1091,zurb-foundation
1092,ms-dos
1093,java-bean
1094,notificação
1095,requirejs
1096,panel
1097,closures
1098,resolução-de-tela
1099,testes-funcionais
1100,warnings
1101,eval
1102,oracle10g
1103,twitter-api
1104,height
1105,clr
1106,área-de-transferência
1107,background-color
1108,sortable
1109,ssms
1110,redimensionamento
1111,background-image
1112,custom-post-types
1113,service-worker
1114,replicação
1115,office
1116,módulo
1117,soma
1118,listbox
1119,itext
1120,facebook-api
1121,ui-router
1122,inicialização
1123,solid
1124,coordenadas
1125,geometria
1126,operador-like
1127,casos-de-uso
1128,c++14
1129,meteor
1130,jade
1131,tcpclient
1132,graphql
1133,migração
1134,digitalocean
1135,host
1136,x86
1137,taxonomia
1138,jasmine
1139,angular-module
1140,range
1141,eclipse-link
1142,lib
1143,diff
1144,rmi
1145,pseudocódigo
1146,indentação
1147,big-data
1148,agendamento
1149,heap
1150,parallax
1151,log4j
1152,erp
1153,internet-explorer-8
1154,rspec
1155,ecmascript-5
1156,extjs
1157,jee
1158,php-5
1159,set
1160,webserver
1161,touch
1162,webrequest
1163,meteorjs
1164,driver
1165,helper
1166,aes
1167,ksoap2
1168,prestashop
1169,gd
1170,datapicker
1171,código-de-barras
1172,quicksort
1173,virtualenv
1174,fxml
1175,sum
1176,substring
1177,toggle
1178,pgadmin
1179,mint
1180,localização
1181,histograma
1182,3d
1183,polymer
1184,rmarkdown
1185,alamofire
1186,lightbox
1187,thumbnail
1188,settimeout
1189,rss
1190,guzzle
1191,fragment
1192,split
1193,404
1194,oracle12c
1195,azure-app-service
1196,primefaces-5.2
1197,querybuilder
1198,game
1199,sql-server-express
1200,vuetify
1201,resize
1202,controles
1203,picturebox
1204,pyqt-4
1205,reconhecimento-de-voz
1206,delphi-berlin
1207,distinct
1208,allegro
1209,constraint
1210,imagemagick
1211,multi-tenancy
1212,asp.net-core-web-api
1213,handlebars.js
1214,metodologia-ágil
1215,xml-schema
1216,websql
1217,iis-express
1218,combinações
1219,redmine
1220,jquery-masked-input
1221,bcrypt
1222,multiple
1223,controle-de-fluxo
1224,laravel-auth
1225,lazy-loading
1226,usabilidade
1227,sap
1228,temas
1229,xss
1230,avd
1231,awk
1232,asmx
1233,cdn
1234,popover
1235,align
1236,android-sdk
1237,yaml
1238,mips
1239,preprocessador
1240,ping
1241,ioc
1242,ipython-notebook
1243,sha1
1244,informix
1245,gzip
1246,pentaho
1247,vue-router
1248,footer
1249,mime-type
1250,iso-8859-1
1251,uri
1252,kernel
1253,jtextarea
1254,branch
1255,plpgsql
1256,network
1257,getjson
1258,design-de-linguagem
1259,cielo
1260,varchar
1261,webclient
1262,convenções
1263,tclientdataset
1264,autenticação-http
1265,chatterbot
1266,variáveis-de-ambiente
1267,sqlfiddle
1268,graphics
1269,java-processing
1270,httpclient
1271,vuex
1272,angular-cli
1273,mercadopago
1274,crontab
1275,ad
1276,setinterval
1277,strtotime
1278,formdata
1279,intellij
1280,passagem-por-referência
1281,router
1282,yarn
1283,middleware
1284,internacionalização
1285,jquery-animate
1286,visual-studio-2010
1287,dependências
1288,protótipo
1289,display
1290,microsoft-word
1291,authorization
1292,csrf
1293,ocr
1294,window-builder
1295,fullscreen
1296,rsa
1297,fast-reports
1298,jaxb
1299,qtgui
1300,apply
1301,delphi-xe4
1302,struts2
1303,página-de-erro
1304,html-option
1305,windows-7
1306,código-aberto
1307,sdl
1308,dbgrid
1309,bit
1310,firewall
1311,rich-faces
1312,visão-computacional
1313,bitwise
1314,coffeescript
1315,transition
1316,uitableviewcell
1317,html-agility-pack
1318,carregamento
1319,response
1320,jlabel
1321,union
1322,player
1323,divisão
1324,job
1325,jquery.validate
1326,prepared-statement
1327,scenebuilder
1328,sistemas-distribuídos
1329,joptionpane
1330,nodemailer
1331,blog
1332,fatorial
1333,chromium
1334,jest
1335,razor-pages
1336,android-gradle
1337,pyinstaller
1338,pom
1339,xslt
1340,bootstrap-glyphicons
1341,windows-8
1342,jsoup
1343,openshift
1344,64-bits
1345,innodb
1346,composição
1347,números
1348,favicon
1349,html2canvas
1350,easyphp
1351,scaffold
1352,genymotion
1353,url-amigavel
1354,requisitos
1355,angular-8
1356,autoload
1357,google-cloud
1358,máquina-virtual
1359,tidyverse
1360,adminlte
1361,async-await
1362,xdebug
1363,npgsql
1364,file-permission
1365,libgdx
1366,bundle
1367,software
1368,pic
1369,business-intelligence
1370,jekyll
1371,trait
1372,stringbuilder
1373,delegate
1374,react-dom
1375,webkit
1376,lamp
1377,sftp
1378,minificação
1379,busca-binária
1380,drawing
1381,indexof
1382,apple-push-notification
1383,rgb
1384,interpolação-de-string
1385,db2
1386,python-internals
1387,chave-composta
1388,indy-10
1389,pentaho-kettle
1390,advanced-custom-fields
1391,phantomjs
1392,imap
1393,simplexml
1394,administração-postgresql
1395,recuperação-de-erros
1396,formulário-submeter
1397,acl
1398,webrtc
1399,release
1400,paypal-api
1401,bxslider
1402,web2py
1403,travis-ci
1404,deprecated
1405,collation
1406,compressão
1407,java-ee-7
1408,jsonp
1409,jax-ws
1410,servidor-de-aplicação
1411,reprodutor-de-video
1412,ninject
1413,locale
1414,mapas
1415,sybase
1416,zabbix
1417,cpu
1418,z-index
1419,expressões
1420,dump
1421,model-validation
1422,oracle11c
1423,mongodb-csharp
1424,tuple
1425,generators
1426,using
1427,each
1428,contact-form-7
1429,android-ndk
1430,geolocation
1431,robots
1432,slideshow
1433,aspx
1434,sklearn
1435,pasta
1436,expo
1437,deep-learning
1438,google-cloud-platform
1439,elixir
1440,h2database
1441,css-seletores
1442,visibilidade
1443,asp.net-web-api-2
1444,semantic-ui
1445,ini
1446,parse.com
1447,typeahead
1448,validator
1449,detecção-de-colisão
1450,escalabilidade
1451,summernote
1452,selected-option
1453,json.net
1454,diretivas-de-compilação
1455,microsoft-edge
1456,laravel-5.8
1457,html-helpers
1458,firebase-cloud-functions
1459,maps-javascript-api
1460,pyautogui
1461,quasar
1462,ecmascript
1463,neo4j
1464,.net-assembly
1465,tablemodel
1466,jpanel
1467,posix
1468,mysqldump
1469,http-post
1470,actions
1471,compressão-de-imagem
1472,lisp
1473,angular-ui-bootstrap
1474,animate
1475,memory-leaks
1476,partialview
1477,jsfiddle
1478,asp.net-mvc-routing
1479,dispose
1480,resharper
1481,smarty
1482,sas
1483,sha-256
1484,números-binários
1485,wget
1486,richtextbox
1487,2d
1488,openldap
1489,sfml
1490,decorator-pattern
1491,fibonnaci
1492,google-calendar
1493,brasil
1494,private
1495,css-border
1496,tinymce-4
1497,hsqldb
1498,addclass
1499,php-fpm
1500,newsletter
1501,bdd
1502,princípios-de-programação
1503,antivirus
1504,dropzonejs
1505,autômatos
1506,shortcode
1507,x64
1508,zeos
1509,falha-de-segmentação
1510,navegação
1511,whm
1512,soa
1513,php-domdocument
1514,webcam
1515,embarcadero
1516,appstore
1517,jquery-mask-plugin
1518,tabs
1519,linked-server
1520,stl
1521,imutabilidade
1522,intellisense
1523,silverlight
1524,tradução
1525,firefox-extensão
1526,assinatura
1527,zoom
1528,viewpager
1529,google-location-api
1530,void
1531,fórmula
1532,event-listener
1533,álgebra-booleana
1534,identity
1535,symfony4
1536,c++-builder
1537,internet
1538,countdown
1539,okhttp
1540,maskmoney
1541,viewport
1542,rotação
1543,engine
1544,mdi
1545,scrum
1546,32-bits
1547,asp.net-membership
1548,javadoc
1549,scipy
1550,regra-de-negócio
1551,matemática-financeira
1552,timepicker
1553,w3c-validador
1554,google-api-client
1555,interoperabilidade
1556,open-graph
1557,rds
1558,django-1.8
1559,try-finally
1560,forms-authentication
1561,engenharia-reversa
1562,nan
1563,hadoop
1564,checkout
1565,elementos
1566,escopo
1567,keyframes
1568,tls
1569,sobrescrita
1570,jinternalframe
1571,clojure
1572,php-7.1
1573,pixels
1574,pagespeed-insights
1575,modularização
1576,default
1577,microcontrolador
1578,emberjs
1579,xamarin-studio
1580,yield
1581,arm
1582,app-compat-v7
1583,google-analytics-api
1584,applet
1585,reactive-programming
1586,marcadores
1587,psql
1588,body
1589,remoto
1590,indexeddb
1591,webgrid
1592,telegram-bot
1593,simple-injector
1594,transform
1595,webhook
1596,passport-js
1597,flex
1598,create
1599,vpn
1600,google-cloud-messaging
1601,css-display
1602,jtree
1603,vertical-align
1604,clickonce
1605,cassandra
1606,adobe-air
1607,adobe-flex
1608,powerpoint
1609,storyboard
1610,ddos
1611,boot
1612,inno-setup
1613,windows-ce
1614,mootools
1615,mamp
1616,selecteditem
1617,css-font-size
1618,jinja2
1619,restrição-único
1620,adapter
1621,ciclo-infinito
1622,scripting
1623,sql-view
1624,internet-explorer-9
1625,input-output
1626,metaprogramação
1627,ant
1628,lucene
1629,culture
1630,vtex
1631,drupal
1632,database-first
1633,equals
1634,efeito
1635,sidebar
1636,proguard
1637,tortoisesvn
1638,break
1639,pug
1640,simpledateformat
1641,jdialog
1642,diagrama-de-classes
1643,embed
1644,laravel-collective
1645,alias
1646,couchdb
1647,monodevelop
1648,intel
1649,uitextfield
1650,postgis
1651,ibm
1652,ancora
1653,userform
1654,java2d
1655,data-warehouse
1656,tampermonkey
1657,bootstrap-datepicker
1658,multer
1659,monitoramento
1660,exec
1661,routing
1662,construct-2
1663,jni
1664,pyopengl
1665,stylus
1666,xml-namespaces
1667,interpretador
1668,grep
1669,breakpoints
1670,handler
1671,select-limit
1672,barplot
1673,proteção
1674,dev-tools
1675,angularjs-factorys
1676,with
1677,usb
1678,campos
1679,postgresql-10
1680,fetch
1681,swiftmailer
1682,programação-dinâmica
1683,api-youtube
1684,mailer
1685,span
1686,rvest
1687,operador-lógico
1688,coleção
1689,app-hibrido
1690,psr-4
1691,moq
1692,array-push
1693,newtonsoft
1694,delphi-tokyo
1695,watson
1696,dotnet-cli
1697,native
1698,iot
1699,pseudo-classes
1700,slice
1701,prisma
1702,usercontrol
1703,google-search
1704,sendmail
1705,google-storage
1706,libreoffice
1707,java-9
1708,angular-fire-2
1709,excel-userform
1710,delphi-2010
1711,ansi
1712,chosen-jquery-plugin
1713,cgi
1714,ngroute
1715,when
1716,swift-playground
1717,mapkit
1718,bind
1719,formatação-condicional
1720,sensibilidade-de-caixa
1721,android-styles
1722,group-concat
1723,pouchdb
1724,jfreechart
1725,uinavigationcontroller
1726,utf8-decode
1727,html5-canvas
1728,android-context
1729,input-mask
1730,cardinalidade
1731,wxwidgets
1732,case-insensitive
1733,setup
1734,palavras-reservadas
1735,css-border-radius
1736,edição-de-imagens
1737,equações
1738,activex
1739,nullable
1740,weka
1741,angular-providers
1742,sonar
1743,fade
1744,erb
1745,erlang
1746,sql-server-2005
1747,flot
1748,ipv6
1749,openmp
1750,wmi
1751,observer-pattern
1752,extjs-4
1753,posição-do-cursor
1754,office-2013
1755,abap
1756,thread-safety
1757,opacity
1758,lm
1759,jquery-ui-multiselect
1760,vmware
1761,http-métodos
1762,lapply
1763,kohana
1764,rtf
1765,ses
1766,summary
1767,report-builder
1768,abstração
1769,webgl
1770,delphi-6
1771,ormlite
1772,fabric.js
1773,guid
1774,sitemap
1775,extension-method
1776,animate.css
1777,gateway
1778,spam
1779,enumerable
1780,clipper
1781,ajaxtoolkit
1782,código-postal
1783,solr
1784,anúncio
1785,blender
1786,timespan
1787,elastic-beanstalk
1788,devops
1789,offset
1790,mkdir
1791,legendas
1792,jmeter
1793,progress-4gl
1794,angular2-http
1795,linkagem
1796,longblob
1797,http-status-code-403
1798,hashcode
1799,web-worker
1800,uuid
1801,portabilidade
1802,tesseract
1803,jodatime
1804,angular2-directives
1805,swingworker
1806,feed
1807,realmdb
1808,dados-hierárquicos
1809,pseudo-elementos
1810,nltk
1811,mqtt
1812,progressive-web-apps
1813,web-component
1814,formula
1815,nodemon
1816,linguagens-formais
1817,c++17
1818,jsonobject
1819,comandos
1820,flyway
1821,boleto.net
1822,user-agent
1823,flexslider
1824,asp.net-mvc-helper
1825,phpmail
1826,actionscript
1827,inputstream
1828,camel-case
1829,stdclass
1830,gdb
1831,queue
1832,ldap
1833,padding
1834,tabela-temporária
1835,der
1836,spark
1837,cobol
1838,projeto-de-compiladores
1839,console-application
1840,skype
1841,finanças
1842,análise-de-dados
1843,material
1844,jquery-validation-engine
1845,transição
1846,benchmark
1847,longpolling
1848,crosswalk
1849,lattice
1850,horizontal
1851,sql-server-localdb
1852,google-plus
1853,basic
1854,t4
1855,delay
1856,métodos-mágicos
1857,scope
1858,spl
1859,calendario
1860,tempo-de-vida
1861,aba
1862,ui-draggable
1863,render
1864,amp
1865,margin
1866,bootgrid
1867,match
1868,rotativa
1869,hdf5
1870,laravel-mix
1871,three.js
1872,zend-framework-3
1873,rust
1874,eslint
1875,rabbitmq
1876,liquibase
1877,inline
1878,procv
1879,editor
1880,floatingactionbutton
1881,assert
1882,k-means
1883,ícone
1884,ado
1885,threadpool
1886,httr
1887,spl-autoloader-register
1888,fadein
1889,sanitize
1890,hyper-v
1891,demoiselle-certificate
1892,sendgrid
1893,angularjs-components
1894,const
1895,jpg
1896,mormot
1897,nativescript
1898,lock
1899,telegram
1900,passagem-por-valor
1901,ionic-popup
1902,servlet-3
1903,sat-cfe
1904,vimeo
1905,internal-server-error
1906,delphi-xe2
1907,goto
1908,mercadolivre
1909,underscore.js
1910,kinect
1911,afnetworking
1912,restsharp
1913,cpython
1914,memory-limit
1915,mobile-safari
1916,pojo
1917,wildcard
1918,context-menu
1919,descompilação
1920,ofuscação
1921,cycle2
1922,webmethods
1923,simplexml-load-string
1924,bytecode
1925,arquivo-header
1926,photoshop
1927,f#
1928,phtml
1929,actionlistener
1930,firebug
1931,filezilla
1932,dreamweaver
1933,saas
1934,html5-history
1935,yeoman
1936,directx
1937,fila-thread
1938,apache-solr
1939,representação-numérica
1940,logcat
1941,hashset
1942,plesk
1943,câmera
1944,rtti
1945,file-put-contents
1946,accordion
1947,jndi
1948,destrutor
1949,visual-studio-online
1950,route53
1951,onblur
1952,workspace
1953,jboss-weld
1954,tray
1955,natural-language
1956,código-fonte
1957,www
1958,homestead
1959,self
1960,make
1961,jmenu
1962,laravel-5.1
1963,ci
1964,codeigniter-2
1965,nasm
1966,mouseover
1967,msys2
1968,sip
1969,orientation
1970,dropbox
1971,office-open-xml
1972,empty
1973,toolbox
1974,jquery-remodal
1975,português
1976,mcrypt
1977,jquery-toggleclass
1978,bootstrap-table
1979,idle-ide
1980,dql
1981,drawer-layout
1982,phalcon-php
1983,factory
1984,resteasy
1985,orientação-a-aspectos
1986,postfix
1987,procedural
1988,contains
1989,física
1990,reshape
1991,padrão-de-texto
1992,notifyicon
1993,hack
1994,clang
1995,rxjava
1996,videojs
1997,token-ajax
1998,class-library
1999,httpd
2000,anexo
2001,scilab
2002,serverless
2003,crawling
2004,data-attribute
2005,arrow-functions
2006,bitcoin
2007,8086
2008,vhdl
2009,child
2010,compartilhar
2011,full-text
2012,geckodriver
2013,anova
2014,tempo-real
2015,c3p0
2016,github-pages
2017,grid-layout
2018,clusterização
2019,try-with-resources
2020,cli
2021,estatística-bootstrap
2022,metroframework
2023,globalização
2024,bootsfaces
2025,ng-controller
2026,julia
2027,extension
2028,google-adsense
2029,war
2030,spring-tools-suite
2031,jaas
2032,smartdevice
2033,codificação-de-conteúdo
2034,sudo
2035,camera
2036,dax
2037,java-11
2038,lawtex
2039,sweetalert2
2040,openpyxl
2041,kubernetes
2042,data-manipulation
2043,autohotkey
2044,event-dispatch-thread
2045,itunes
2046,analise-léxica
2047,html-meta
2048,contexto
2049,programação-imperativa
2050,google-sites
2051,unobtrusive
2052,histórico
2053,jcrop
2054,pagedlist
2055,django-1.9
2056,azure-devops
2057,profiling
2058,lwjgl
2059,bubblesort
2060,operators
2061,leaflet
2062,spss
2063,java-ee-6
2064,standalone
2065,background-services
2066,xna
2067,owl
2068,local-notification
2069,jms
2070,publicidade
2071,php-cli
2072,psr
2073,django-filter
2074,edi
2075,php-domxpath
2076,sourcetree
2077,karma
2078,react-hooks
2079,glpi
2080,pthreads
2081,sefaz
2082,tela
2083,dbeaver
2084,real-time
2085,bottomnavigationview
2086,blockchain
2087,mouse
2088,numeração
2089,variável-estática
2090,dynamics-crm
2091,jdesktoppane
2092,content-type
2093,plotly
2094,code-golf
2095,semáforo
2096,typedef
2097,tcpdf
2098,union-all
2099,rowfilter
2100,keystore
2101,removechild
2102,bot-framework
2103,framework7
2104,datasource
2105,superclasse
2106,env
2107,crystal
2108,cosmos-db
2109,jdatechooser
2110,uiviewcontroller
2111,tabela-verdade
2112,ratchet
2113,pyside
2114,openlayers-3
2115,compass
2116,symfony3
2117,partial
2118,jstree
2119,prototypejs
2120,php-cpp
2121,biginteger
2122,userscripts
2123,pydev
2124,português-do-brasil
2125,margens
2126,stack-trace
2127,samba
2128,dateinterval
2129,angularfire
2130,iis-web-deploy
2131,inphinit
2132,glmer
2133,memo
2134,confirm
2135,gulpfile
2136,rowsorter
2137,asterisk
2138,sqlite-studio
2139,backgroundworker
2140,picasso
2141,quickreport
2142,.net-compiler-platform
2143,axis2
2144,angular-google-maps
2145,css-padding
2146,log4j2
2147,trello
2148,bittorrent
2149,var-dump
2150,dbase
2151,imagick
2152,getters
2153,memcached
2154,tempo-de-resposta
2155,uisearchbar
2156,biometria
2157,telnet
2158,sonarqube
2159,look-and-feel
2160,gpl
2161,proguard-android
2162,hhvm
2163,restify
2164,htmlentities
2165,android-billing
2166,data.table
2167,jqplot
2168,fastcgi
2169,logging
2170,gwt
2171,varbinary
2172,variância
2173,caminho-relativo
2174,spritesheet
2175,pdoexception
2176,path-separator
2177,azure-tables
2178,backbone.js
2179,manipulador-de-evento
2180,protected
2181,public
2182,análise-numérica
2183,lubridate
2184,windows-mobile
2185,ipv4
2186,tarefa
2187,read.table
2188,habtm
2189,rollback
2190,wordcloud
2191,gorm
2192,unreal-engine
2193,system-tray
2194,minitest
2195,play-store-console
2196,interceptor
2197,laravel-6
2198,tipo-de-conteúdo
2199,c++-cli
2200,microcontrolador-8051
2201,nspredicate
2202,uiview
2203,capistrano
2204,sslstream
2205,aop
2206,django-generic-views
2207,cuda
2208,interop
2209,strategy-pattern
2210,scrollto
2211,whmcs
2212,active-model-serializers
2213,parsley
2214,putty
2215,dry
2216,mschart
2217,mercurial
2218,datetime-local
2219,angular-ui
2220,jlist
2221,tabbarcontroller
2222,voip
2223,spliterator
2224,frames
2225,psd
2226,logo
2227,css-centering
2228,bibtex
2229,jelastic
2230,poco
2231,asp.net-profile
2232,angular-chart
2233,prototipação
2234,openlayers
2235,inappbrowser
2236,checksum
2237,api-key
2238,sns
2239,hangfire
2240,kcfinder
2241,fullpage.js
2242,patch
2243,linkedin
2244,mustache.js
2245,data-class
2246,bootstrap-validator
2247,hive
2248,vue-resource
2249,pagina-web
2250,dynamic
2251,glm
2252,geany
2253,jcalendar
2254,mocha
2255,.net-standard
2256,linguagem-de-marcação
2257,delphi-seatle
2258,npoi
2259,pgadmin3
2260,sql-server-2016
2261,pyodbc
2262,cout
2263,pooling
2264,kml
2265,slimframwork
2266,301
2267,sh
2268,quartz-scheduler
2269,pep8
2270,método-abstrato
2271,chosen
2272,powerquery
2273,android-room
2274,webp
2275,jta
2276,udp
2277,deepin
2278,picture
2279,android-resources
2280,gtk-python
2281,e2e
2282,git-flow
2283,tomcat8
2284,jssc
2285,print
2286,rxjs
2287,styled-components
2288,loopback
2289,slf4j
2290,mediawiki
2291,iptables
2292,tablelayout
2293,rtsp
2294,lollipop
2295,application-service
2296,kali-linux
2297,moip
2298,tortoisegit
2299,breadcrumbs
2300,log4net
2301,xtrareport
2302,qtwebkit
2303,balanceamento-carga
2304,urllib
2305,descriptors
2306,cte
2307,http2
2308,spyder
2309,ambiente
2310,export
2311,pynput
2312,main
2313,sso
2314,pipe
2315,toasts
2316,validation
2317,smart-pointer
2318,sublimerepl
2319,workflow
2320,gráfico-de-dispersão
2321,advogado-de-linguagem
2322,bbcode
2323,ipython
2324,hibernate-envers
2325,análise-estática
2326,jquery-data
2327,sql-table
2328,w3.css
2329,capitalização
2330,watch
2331,fluentvalidation
2332,spring-rest
2333,literal
2334,mineração-de-textos
2335,curto-circuito
2336,schema
2337,laravel-5.7
2338,opencsv
2339,user-interface
2340,global
2341,reportlab
2342,snmp
2343,cqrs
2344,wicket
2345,bigint
2346,buffer-overflow
2347,libvlc
2348,máquina-de-estado
2349,qcamera
2350,opencl
2351,opensuse
2352,dsp
2353,google-translate
2354,site-links
2355,ddl
2356,morris
2357,octal
2358,teste-de-mesa
2359,trunk
2360,elm
2361,pymongo
2362,condição-de-corrida
2363,circuitos-lógicos
2364,logback
2365,nuxt
2366,visual-studio-2019
2367,pm2
2368,this
2369,cefsharp
2370,next
2371,google-play-services
2372,nightwatch
2373,ipad
2374,mixin
2375,dagger
2376,database-partitioning
2377,prism
2378,fs
2379,glsl
2380,lavarel
2381,webengine
2382,vulnerabilidade
2383,lógica-difusa
2384,lme4
2385,mediarecorder
2386,w3c
2387,multiplicidade
2388,jit
2389,kendo-asp.net-mvc
2390,glob
2391,pear
2392,jdom
2393,jslider
2394,salt
2395,acid
2396,teste-stress
2397,application-insights
2398,apex
2399,configurationmanager
2400,tableau
2401,java-10
2402,scratch
2403,hugo
2404,lombok
2405,corotina
2406,boost
2407,subclasse
2408,hapijs
2409,syntax-highlight
2410,amazon-cloud-front
2411,luis
2412,delphi-xe7
2413,programação-reativa
2414,extern
2415,opera
2416,webassembly
2417,bits
2418,cartão-de-crédito
2419,webstorm
2420,floating
2421,key-value
2422,bookmarklet
2423,dbset
2424,dpi
2425,ng-animate
2426,identity-server
2427,sqlbulkcopy
2428,onedrive
2429,pechkin
2430,android-databinding
2431,php-document
2432,semver
2433,fetchall
2434,android-assets
2435,dnx
2436,bem
2437,sbt
2438,alfresco
2439,abntex2
2440,xmpp
2441,use-strict
2442,mlp
2443,uitabbar
2444,caelum-stella
2445,clock
2446,cygwin
2447,cortex-a
2448,october-cms
2449,rgraph
2450,doctype
2451,dkim
2452,landscape
2453,contents
2454,poppler
2455,gpgpu
2456,mathematica
2457,uiwebview
2458,harbour
2459,mask-plugin
2460,xeditable
2461,playlist
2462,xamarin.portable
2463,xcode-8
2464,indução-de-tipo
2465,ashx
2466,ontologia
2467,plone
2468,flat-ui
2469,onsen
2470,esb
2471,dtd
2472,apache-tiles
2473,sdn
2474,multi-core
2475,jetty
2476,desinstalação
2477,end-to-end
2478,defer
2479,imgur
2480,stackexchange
2481,apns
2482,nagios
2483,throw
2484,metaclass
2485,sonarlint
2486,webstorage
2487,tapply
2488,masked-input-plugin
2489,heredoc
2490,ntp
2491,java-me
2492,pop3
2493,sinatra
2494,crux-framework
2495,syntactic-sugar
2496,pjax
2497,cracker
2498,sse
2499,delphi-2007
2500,.env
2501,factors
2502,federation-authentication
2503,captura-de-tela
2504,plyr
2505,rscript
2506,polyfill
2507,querydsl
2508,löve
2509,irb
2510,referência-circular
2511,nuvem-de-tags
2512,data-uri
2513,jquery-blockui
2514,polígono
2515,triângulo
2516,formview
2517,soundex
2518,customelements
2519,easeljs
2520,variáveis-de-instância
2521,windows-xp
2522,freetds
2523,openfire
2524,pinvoke
2525,dbunit
2526,l10n
2527,qtranslate
2528,apc
2529,internet-explorer-7
2530,greensock-gsap
2531,árvores-de-expressão
2532,windows-mobile-5
2533,mapply
2534,sapply
2535,tweepy
2536,mínimos-quadrados
2537,volatile
2538,boilerplate
2539,rnorm
2540,physx
2541,sparql
2542,xib
2543,codename-one
2544,jalert
2545,wildfly13
2546,pkcs11
2547,es5
2548,es6
2549,blazor
2550,postgresql-11
2551,rvm
2552,mysql-num-rows
2553,mtv
2554,rgl
2555,icalendar
2556,stringbuffer
2557,htpasswd
2558,uninfe
2559,angular-kendo
2560,mdx
2561,olap
2562,durandal
2563,gammu
2564,google-openid
2565,uiimage
2566,arc
2567,iup
2568,vbulletin
2569,keylogger
2570,packagist
2571,mql4
2572,libgit2sharp
2573,iphone-4
2574,syslog
2575,rtmpdump
2576,microcontroladores-8bits
2577,multimedia
2578,dwoo
2579,vuforia
2580,castle-windsor
2581,graphael
2582,cufon
2583,demoiselle-infra
2584,debug-histórico
2585,nicedit
2586,angular-views
2587,intellitrace
2588,paradox
2589,python2exe
2590,monogame
2591,geometria-computacional
2592,love2d
2593,j2me
2594,slim-lang
2595,aptana
2596,pdt
2597,backbone
2598,espaço-em-branco
2599,demoiselle-nimble
2600,db4o
2601,fixtures
2602,inferência
2603,bison
2604,baas
2605,algoritmo-fonético
2606,foundation
2607,microsoft-help-viewer
2608,liferay
2609,ecm
2610,abot
2611,log-de-eventos-windows
2612,twitter-stream-api
2613,stmt
2614,php-doc
2615,rhino
2616,servicebus
2617,phplot
2618,febraban
2619,snake-case
2620,d
2621,overhead
2622,sizeof
2623,heremaps
2624,document-db
2625,godaddy
2626,jigsaw
2627,phaser-js
2628,browserify
2629,teste-de-carga
2630,gamificação
2631,azure-sql
2632,identificador
2633,crystal-lang
2634,django-annotate
2635,dados-abertos
2636,create-project
2637,tipo-anônimo
2638,cross-compiler
2639,mstest
2640,funções-puras
2641,catalina
2642,android-content-provider
2643,apache-kafka
2644,previous
2645,apache-nifi
2646,delphi-4
2647,metronic
2648,idempotent
2649,polly
2650,circuitbreaking
2651,drive
2652,foreach-jstl
2653,virtualenvwrapper-win
2654,dryioc
2655,kanban
2656,keystonejs
2657,pgadmin4
2658,vuetable
2659,jmenubar
2660,uglify-js
2661,entity-framework-v1
2662,keyup
2663,lftp
2664,marshalling
2665,xdocument
2666,jira
2667,getusermedia
2668,postsharp
2669,modelo-de-atores
2670,froala-editor
2671,django-channels
2672,hoisting
2673,powerpivot
2674,criptomoeda
2675,mahapps
2676,socialite
2677,relação
2678,minizinc
2679,drc
2680,rgss3
2681,aspxrichedit
2682,fusioncharts
2683,latin1
2684,ncurses
2685,cypher
2686,boletophp
2687,jsonarray
2688,lucid
2689,wtforms
2690,css-shape
2691,portugol-studio
2692,carbon
2693,msbuild
2694,touch-events
2695,react-select
2696,tablesorter
2697,oracle18c
2698,scheme
2699,seeders
2700,sistemas-digitais
2701,números-primos
2702,outofrange
2703,input-type-date
2704,jboss-modules
2705,testcase
2706,powerpanel
2707,nesbox
2708,processwire
2709,selectize.js
2710,pubcenter
2711,sped
2712,efd
2713,minify-maven-plugin
2714,newline
2715,homebrew
2716,rich-snippets
2717,integridade
2718,exploit
2719,redips.drag
2720,pgm
2721,amd
2722,indy-9
2723,xcache
2724,analise-de-texto
2725,bottle
2726,contratos
2727,ocaml
2728,delphi-5
2729,untagged
2730,supervisor
2731,ataque
2732,serilog
2733,aprendizado-supervisionado
2734,biblioteca-estática
2735,nunit
2736,resiliência
2737,fsockopen
2738,pupeteer
2739,explode
2740,nfs-e
2741,princípio-liskov
2742,magic-quotes-gpc
2743,grafana
2744,react-navigation-fluid-transitions
2745,paginator
2746,weblogic12c
2747,valgrind
2748,função-discriminante
2749,brainfuck
2750,html5-data
2751,ogg
2752,bass
2753,tor
2754,gráfico-condicional
2755,quantmod
2756,x-tags
2757,infotype
2758,fabrio.io
2759,sql-server-2000
2760,iron-python
2761,bundler
2762,weblogic
2763,migrate-invoicy
2764,php-8
2765,acbrsat
2766,testes-unitarios
2767,medoo
2768,dml
2769,principal
2770,java-12
2771,randomforest
2772,wcag
2773,x++
2774,apache-cxf
2775,opcode
2776,mpeg
2777,jquery-1.6
2778,nfp
2779,xplaned
2780,j
2781,mandrill
2782,microdata
2783,vitamio
2784,ember-data
2785,bitnami
2786,alamofireimage
2787,cocos2dx
2788,cocoapods
2789,kable
2790,pattern-matching
2791,http3
2792,odata
2793,payload
2794,zend-form
2795,maxlength
2796,autofocus
2797,jsonwebtoken
2798,sounddevice
2799,c++20
2800,gulp-imagemin
2801,implementação-de-linguagem
2802,artifactory
2803,constraint-layout
2804,factories
2805,lightgallery
2806,shiny-server
2807,umbraco
2808,java-jolt
2809,svn2git
2810,gif
2811,lint
2812,tslint
2813,boto3
2814,atômico
2815,.net4.7.2
2816,.net2.0
2817,phoenix
2818,hbase
2819,sms-retriever-api
2820,ecmascript-7
2821,pep-570
2822,números-mágicos
2823,rpy2
2824,exceltablefilter
2825,androidq
2826,omnia-lowcode
2827,access-control
2828,twa
2829,angular6-json-schema-form
2830,json-schema
2831,selectlistitem
2832,policies
2833,jwindow
2834,mapa-karnaugh
2835,docker-lamp
2836,highslide
2837,nestjs
2838,tipografia
2839,tweenmax
2840,svelte
2841,stencil-js
2842,memed
2843,windows-server-2008
2844,pyrebase
2845,aspectj
2846,ean-13
2847,instant-app
2848,jsonb
2849,zinnia
2850,cloud-search
2851,figma
2852,guava
2853,fedora
2854,snep
2855,musl
2856,stringr
2857,gml
2858,small-basic
2859,dfsort
2860,ocl
2861,descontinuado
2862,service-container
2863,lita
2864,pervasive
2865,python-igraph
2866,bootstrap-toggle
2867,visualbasic-powerpacks
2868,ooxml
2869,solaris
2870,wow.js
2871,code128
2872,edit-and-continue
2873,fasta
2874,lookbehind
2875,imagination-augmented
2876,delphi-2006
2877,torrent
2878,zlib
2879,q.js
2880,devexpress-asp.net-ajax
2881,expansion-files
2882,apache-storm
2883,twitter4j
2884,httpapplication
2885,sparkleshare
2886,msdn
2887,flood
2888,runloop
2889,gridlookupedit
2890,cortana
2891,ideone
2892,boto
2893,netezza
2894,winrar
2895,unidade-de-medida
2896,portrait
2897,dexie
2898,qhull
2899,hasclass
2900,shebang
2901,wowza
2902,linkedhashmap
2903,vxml
2904,qxorm
2905,iscroll5
2906,eai
2907,ftprush
2908,hammerjs
2909,md6
2910,carga-preguiçosa
2911,carga-antecipada
2912,jmf
2913,restfb
2914,nsis
2915,ios-7
2916,team-build
2917,haxeflixel
2918,webix
2919,docker-windows
2920,cx-freeze
2921,sqale
2922,flyweight
2923,código-de-máquina
2924,unsigned
2925,material-ui
2926,mplayer
2927,unzip
2928,caret
2929,java-13
2930,zookeper
2931,helix
2932,digital-mesh
2933,data-science
2934,api-gateway
2935,spring-batch
2936,vsts
2937,protocol
2938,azuread
2939,computação-quântica
2940,q#
2941,oracle.manageddataaccess
2942,.net-5
2943,ssr
2944,traefik
2945,whatwg
2946,win10toast
2947,infomaker
2948,mysql-find-in-set
2949,izpack
2950,android-loader
2951,asr
2952,transcrição-de-áudio
2953,tika
2954,cpuid
2955,documentfragment
2956,dpkg
2957,shim
2958,gravatar
2959,calendário-gregoriano
2960,variáveis-locais
2961,tabela-zebrada
2962,pagemethods
2963,qftp
2964,assincrono
2965,assíncrono
2966,expressao-regular
2967,expressão-regular
2968,performance
2969,base-de-dados
2970,clipboard
2971,azure
2972,memoria
2973,pesquisa
2974,angular4
2975,angular-4
2976,webconfig
2977,miniaturas
2978,msqli
2979,instalador
2980,blade
2981,finally
2982,ficheiro
2983,arvore-binária
2984,dictionary
2985,multiplataforma
2986,convenções-de-nome
2987,vídeo
2988,win32
2989,subversion
2990,asp.net-core-webapi
2991,recursividade
2992,report
2993,blogspot
2994,estrutura-de-código
2995,debugger
2996,lambda
2997,vs
2998,aspnet
2999,mysql-order-by
3000,search
3001,realm
3002,windowsforms
3003,windows-forms
3004,rails
3005,decorator
3006,index
3007,permissão
3008,responsive-design
3009,lexer
3010,serviço
3011,client-side
3012,expressões-booleanas
3013,ordenar
3014,phonegap
3015,asp.net-webforms
3016,mysql-update
3017,anuncio
3018,sessões
3019,imagens
3020,syntax
3021,pre-processador
3022,sql-management-studio
3023,swift3
3024,funcoes
3025,índice-único
3026,exe
3027,nuvem
3028,conexao
3029,asp.net-vnext
3030,ie9
3031,vetor
3032,visual-basic
3033,dispositivos-móveis
3034,net
3035,winrt
3036,function
3037,nodejs
3038,logica
3039,modelagem-de-dados
3040,animações
3041,generics
3042,list
3043,python3
3044,expressões-regulares
3045,oop
3046,opensource
3047,formulario
3048,.htaccess
3049,localizar
3050,radio
3051,carrossel
3052,url-reescrever
3053,google-drive-sdk
3054,web-api
3055,eloquent
3056,pagamento
3057,metodos
3058,unity5
3059,ie8
3060,função
3061,expressjs
3062,laços
3063,memory
3064,exception
3065,híbridos
3066,iterador
3067,licenciamento
3068,arrendondamento
3069,sistemas-operacionais
3070,db
3071,dinamico
3072,insert
3073,mongo
3074,nullreferenceexception
3075,user-experience
3076,access
3077,complexidade
3078,relationship
3079,xwindows
3080,asp.net-5
3081,enum
3082,código-livre
3083,opengles
3084,procurar
3085,web
3086,teoria-dos-grafos
3087,estrutura-de-repetição
3088,requisicao
3089,depuração
3090,dominio
3091,laravel4
3092,asp.net-mvc-6
3093,php-unit
3094,vue
3095,class
3096,python2
3097,frontend
3098,índice
3099,e-mail
3100,persistence
3101,reactjs
3102,depurar
3103,paradigma
3104,variaveis
3105,iteração
3106,arquitetura
3107,audio
3108,primary-key
3109,paradigma-de-programação
3110,modelagem-de-bd
3111,grafico
3112,properties
3113,interface-de-usuário
3114,poo
3115,mysql-table
3116,recursivo
3117,variavel
3118,gerência-de-projeto
3119,react.js
3120,update
3121,sort
3122,vscode
3123,anotações
3124,web.conf
3125,construtores
3126,macos
3127,regexp
3128,sessao
3129,sessão
3130,testes-de-unidade
3131,charset
3132,express.js
3133,interface-gráfica
3134,certificado-digital
3135,tfs
3136,events
3137,ie7
3138,zip
3139,tipo-de-dados
3140,laraval
3141,node
3142,encoding
3143,codigo-postal
3144,perfilamento
3145,animation
3146,math
3147,mssql
3148,amazon
3149,compilador
3150,vuejs
3151,character-set
3152,conversao
3153,cordova
3154,server-side
3155,printer
3156,ie
3157,classe
3158,concatenação
3159,processing
3160,calculo
3161,diretiva
3162,server
3163,case-sensitive
3164,database
3165,tag
3166,font-size
3167,fields
3168,relatorios
3169,activity
3170,google-drive
3171,prototype
3172,csharp
3173,reflexao
3174,unique
3175,editorconfig
3176,unity
3177,oo
3178,pilha
3179,chrome
3180,retorno
3181,estrutura-linguagem
3182,api-stackexchange
3183,compiler
3184,left-join
3185,elasticsearc
3186,encriptação
3187,traits
3188,normalizar
3189,design-de-software
3190,microserviços
3191,stream-de-video
3192,asp.net-core-mvc
3193,classe-abstrata
3194,composer.json
3195,js
3196,mail
3197,vb
3198,estrutura-de-diretório
3199,actionscript-2
3200,importacao
3201,ast
3202,asynchronous
3203,autocomplete
3204,desktop
3205,insensibilidade-de-caixa
3206,mysql-select
3207,sqlsrv
3208,folha-de-estilo
3209,persistencia
3210,postgres
3211,variables
3212,browser
3213,scroll
3214,entity-framework-6.1
3215,vb6
3216,ordenacao
3217,ordenação
3218,select2
3219,lambda-expressions
3220,caminho
3221,htacess
3222,bd
3223,padroes-projetos
3224,position
3225,tags-input
3226,go
3227,sped-efd
3228,java8
3229,bean
3230,localização-geográfica
3231,file
3232,controle-de-versão
3233,depurador
3234,angular2
3235,angular-2
3236,sgbd
3237,vetores
3238,bug
3239,keyboard
3240,reflection
3241,android-recycler-view
3242,constants
3243,operador
3244,sinatxe
3245,amazon-aws
3246,semantica
3247,htm
3248,matrix
3249,spa
3250,asp-clássico
3251,.net-framework
3252,autômato
3253,filesystem
3254,progress
3255,speech-recognation
3256,tempo-de-execução
3257,java10
3258,acentos
3259,condicao
3260,consulta
3261,asp.net-web-api2
3262,cross-join
3263,transaction
